Spell_Name,Level,School,Ritual,Casting_Time,Range,Target/Area,V,S,M,Components,Cost,Concentration,Duration,Attack/Saving_Throw_Effect,Damage_Type,Damage/Heal,Page_#,Additional_Detail,Per_Higher_Spell_Level
Acid_Splash,0,Conjuration,NA,1_action,60_ft.,1_or_2_adjacent_targets,V,S,NA,NA,NA,NA,Instantaneous,DEX_Fail,Acid,DAM:_1d6,211,DAM:_Add_extra_1d6_at_5th_level_11th_level_and_17th_level.,NA
Blade_Ward,0,Abjuration,NA,1_action,Self,Self,V,S,NA,NA,NA,NA,1_round,NA,NA,NA,218,Gain_resistance_to_bludgeoning/piercing/slashing_DMG_from_weapons.,NA
Chill_Touch,0,Necromancy,NA,1_action,120_ft.,1_creature,V,S,NA,NA,NA,NA,1_round,Ranged_Spell_Attack,Necrotic,DAM:_1d6,221,Extra_1d6_DAM_at_5th_level_11th_level_and_17th_level._Can't_regain_HP.,NA
Dancing_Lights,0,Evocation,NA,1_action,120_ft.,NA,V,S,M,phosphorous_or_glowworm,NA,Concentration,1_minute,NA,NA,NA,230,Create_4_glowing_hovering_objects_that_shed_light_out_10_ft._Can_move_60_ft.,NA
Fire_Bolt,0,Evocation,NA,1_action,120_ft.,1_creature/object,V,S,NA,NA,NA,NA,Instantaneous,Ranged_Spell_Attack,Fire,DAM:_1d10,242,DAM_at_5th_level:_2d10_at_11th_level:_3d10_at_17th_level:_4d10.,NA
Friends,0,Enchantment,NA,1_action,Self,1_non_hostile_creature,NA,S,M,makeup_applied_to_face,NA,Concentration,1_minute,NA,NA,NA,244,Advantage_on_CHA_checks_to_target_who_knows_magic_used_once_spell_ends.,NA
Light,0,Evocation,NA,1_action,Touch,1_object_LessThanOrEqualTo_10_ft._cube,V,NA,M,firefly_or_phosphorescent_moss,NA,NA,1_hour,DEX_Fail,NA,NA,255,Object_sheds_light_in_20_ft._radious._Hostile_targets_get_DEX_save.,NA
Mage_Hand,0,Conjuration,NA,1_action,30_ft.,NA,V,S,NA,NA,NA,NA,1_minute,NA,NA,NA,256,Create_spectral_hand_that_manipulates_objects._Can_pick_up_LessThanOrEqualTo_10_lbs.,NA
Mending,0,Transmutation,NA,1_minute,Touch,1_object,V,S,M,two_lodestones,NA,NA,Instantaneous,NA,NA,NA,259,Mends_one_break_or_tear_no_larger_than_1ft._in_a_mundane_object.,NA
Message,0,Transmutation,NA,1_action,120_ft.,1_creature_in_range,V,S,M,piece_of_copper_wire,NA,NA,1_round,NA,NA,NA,259,Point_at_target_and_whisper_a_message._They_can_whisper_a_response.,NA
Minor_Illusion,0,Illusion,NA,1_action,30_ft.,5_ft._cube,NA,S,M,bit_of_fleece,NA,NA,1_minute,NA,NA,NA,260,Create_illusory_sound_or_image._Investigation_check_against_spell_DC_to_detect.,NA
Poison_Spray,0,Conjuration,NA,1_action,10_ft.,1_creature,V,S,NA,NA,NA,NA,Instantaneous,CON_Fail,Poison,DAM:_1d12,266,DAM_increase._5th_level:_2d12_11th_level:_3d12_17th_level:_4d12.,NA
Prestidigitation,0,Transmutation,NA,1_action,10_ft.,NA,V,S,NA,NA,NA,NA,1_hour,NA,NA,NA,267,Create_minor_magical_effect.__See_Sourcebook.,NA
Ray_of_Frost,0,Evocation,NA,1_action,60_ft.,1_creature_in_range,V,S,NA,NA,NA,NA,Instantaneous,Ranged_Spell_Attack,Cold,DAM:_1d8,271,Speed_reduced_10ft._DAM_increase._5th_level:_2d8_11th_level:_3d8_17th_level:_4d8.,NA
Shocking_Grasp,0,Evocation,NA,1_action,Touch,1_creature,V,S,NA,NA,NA,NA,Instantaneous,Melee_Spell_Attack,Lightning,DAM:_1d8,275,Target_can't_take_reactions_until_next_turn._Advantage_if_target_has_metal_armor.,NA
True_Strike,0,Divination,NA,1_action,30_ft.,1_creature,NA,S,NA,NA,NA,Concentration,1_round,NA,NA,NA,284,Next_turn_you_gain_advantage_on_first_attack_against_the_target.,NA
Alarm,1,Abjuration,Ritual,1_minute,30_ft.,1_door/window/area,V,S,M,tiny_bell_silver_wire,NA,NA,8_hours,NA,NA,NA,211,Audible_or_silent_alarm_triggered_on_entry_by_those_you_haven't_said_can_enter,NA
Burning_Hands,1,Evocation,NA,1_action,Self,15_ft._cone,V,S,NA,NA,NA,NA,Instantaneous,DEX_Half_DAM,Fire,DAM:_3d6,220,Flammable_objects_ignite.,Extra_1d6_DAM.
Charm_Person,1,Enchantment,NA,1_action,30_ft.,1_humanoid,V,S,NA,NA,NA,NA,1_hour,Wisdom_Fail,NA,NA,221,Charm_target_so_it_treats_you_as_friendly._Gets_advantage_to_save_if_fighting_you.,One_more_target_LessThanOrEqualTo_30ft.
Chromatic_Orb,1,Evocation,NA,1_action,90_ft.,1_creature,V,S,M,diamond,50_gp,NA,Instantaneous,Ranged_Spell_Attack,See_Details,DAM:_3d8,221,Choose_type:_acid_cold_fire_lightning_poison_or_thunder.,Extra_1d8_DAM.
Color_Spray,1,Illusion,NA,1_action,Self,15_ft._cone,V,S,M,pinch_of_colored_powder,NA,NA,1_round,NA,NA,NA,222,Blinds_6d10_HP_worth_of_creatures_starting_with_lowest_HP.,Extra_2d10_HP.
Comprehend_Languages,1,Divination,Ritual,1_action,Self,NA,V,S,M,pinch_of_soot_and_salt,NA,NA,1_hour,NA,NA,NA,224,Know_literal_meaning_of_any_speech._Understand_written_words_while_touching.,NA
Detect_Magic,1,Divination,Ritual,1_action,Self,30_ft._radius,V,S,NA,NA,NA,Concentration,10_minutes,NA,NA,NA,231,Sense_presence_of_magic._Use_action_to_see_auras_around_creatures/objects.,NA
Disguise_Self,1,Illusion,NA,1_action,Self,Self,V,S,NA,NA,NA,NA,1_hour,NA,NA,NA,233,Create_illusion_to_appear_as_someone_else.__Foiled_by_Investigation_vs._spell_DC.,NA
Expeditious_Retreat,1,Transmutation,NA,1_bonus_action,Self,Self,V,S,NA,NA,NA,Concentration,10_minutes,NA,NA,NA,238,You_can_take_Dash_as_a_bonus_action_until_spell_ends.,NA
False_Life,1,Necromancy,NA,1_action,Self,Self,V,S,M,alcohol_or_distilled_spirits,NA,NA,1_hour,NA,NA,NA,239,You_gain_1d4+4_temp_HP.,Extra_5_temp_HP.
Feather_Fall,1,Transmutation,NA,1_reaction_falling,60_ft.,LessThanOrEqualTo_5_falling_creatures,V,NA,M,small_feather_or_piece_of_down,NA,NA,1_minute,NA,NA,NA,239,Targets'_descent_slows_to_60_ft._per_round_takes_no_DAM_and_can_land_on_feet.,NA
Find_Familiar,1,Conjuration,Ritual,1_hour,10_ft.,NA,V,S,M,CHARCOAL_INCENSE_HERBS,10_gp,NA,Instantaneous,NA,NA,NA,240,Gain_the_service_of_a_familiar.__See_Sourcebook.,NA
Fog_Cloud,1,Conjuration,NA,1_action,120_ft.,20_ft._radius_sphere,V,S,NA,NA,NA,Concentration,1_hour,NA,NA,NA,243,Creates_a_foggy_sphere.__Can_be_banished_by_moderate_wind.,Increase_radius_by_20_ft.
Grease,1,Conjuration,NA,1_action,60_ft.,10_ft._square,V,S,M,pork_rind_or_butter,NA,NA,1_minute,DEX_Fail,NA,NA,246,Creatures_in_area_or_entering_area_fall_prone_if_they_fail_DEX_save.,NA
Identify,1,Divination,Ritual,1_minute,Touch,1_object,V,S,M,pearl_owl_feather,100_gp,NA,Instantaneous,NA,NA,NA,252,Learn_what_an_item_is_and_what_spells_affect_it.,NA
Illusory_Script,1,Illusion,Ritual,1_minute,Touch,writing_surface,NA,S,M,LEAD_BASED_INK,10_gp,NA,10_days,NA,NA,NA,252,Write_magical_script_on_surface_that_only_designated_people_can_read.,NA
Jump,1,Transmutation,NA,1_action,Touch,1_creature,V,S,M,grasshopper's_hind_leg,NA,NA,1_minute,NA,NA,NA,254,Target's_jump_distance_tripled_until_spell_ends.,NA
Longstrider,1,Transmutation,NA,1_action,Touch,1_creature,V,S,M,pinch_of_dirt,NA,NA,1_hour,NA,NA,NA,256,Target's_speed_increases_by_10_ft.,One_additional_creature.
Mage_Armor,1,Abjuration,NA,1_action,Touch,1_willing_creature,V,S,M,piece_of_cured_leather,NA,NA,8_hours,NA,NA,NA,256,If_target_isn't_wearing_armor_its_base_AC_becomes_13_+_DEX_modifier.,NA
Magic_Missile,1,Evocation,NA,1_action,120_ft.,Any_creature_in_range.,V,S,NA,NA,NA,NA,Instantaneous,NA,Force,DAM:1d4+1x3,257,You_choose_the_target_for_each_dart_that_does_1d4+1_DAM.,One_additional_dart.
Protection_from_Evil_and_Good,1,Abjuration,NA,1_action,Touch,1_willing_creature,V,S,M,holy_water_or_powdered_silver,NA,Concentration,10_minutes,NA,NA,NA,270,Protect_against_certain_types_of_creatures.__See_Sourcebook.,NA
Ray_of_Sickness,1,Necromancy,NA,1_action,60_ft.,1_creature_in_range,V,S,NA,NA,NA,NA,Instantaneous,Ranged_Spell_Attack,Poison,DAM:_2k8,271,Target_also_makes_CON_save._On_fail_poisoned_until_end_of_next_turn.,Extra_1d8_DAM.
Shield,1,Abjuration,NA,1_reaction_get_hit,Self,Self,V,S,NA,NA,NA,NA,1_round,NA,NA,NA,275,Gain_+5_bonus_to_AC_including_triggering_attack._Negates_Magic_Missile_attacks.,NA
Silent_Image,1,Illusion,NA,1_action,60_ft.,15_ft._cube,V,S,M,bit_of_fleece,NA,Concentration,10_minutes,NA,NA,NA,276,Create_visual_only_illusion._Use_action_to_make_it_move._Investigation_to_discover.,NA
Sleep,1,Enchantment,NA,1_action,90_ft.,20_ft._radius,V,S,M,pinch_of_fine_sand,NA,NA,1_minute,NA,NA,NA,276,5d8_total_HP_of_creatures_in_area_fall_asleep._Go_in_order_of_lowest_HP_to_hightest.,Addition_2d8_HP_fall_asleep.
Tasha's_Hideous_Laughter,1,Enchantment,NA,1_action,30_ft.,1_creature,V,S,M,tiny_tarts_and_a_feather,NA,Concentration,1_minute,WIS_Fail,NA,NA,280,Target_INT_>_4_is_prone_incapacitated_can't_stand._WIS_save_each_turn_to_end.,NA
Tenser's_Floating_Disk,1,Conjuration,Ritual,1_action,30_ft.,3_ft._diameter_circle,V,S,M,drop_of_mercury,NA,NA,1_hour,NA,NA,NA,282,Create_floating_disk_that_holds_500_lbs_and_stays_within_20_ft._of_you.,NA
Thunderwave,1,Evocation,NA,1_action,Self,15_ft._cube,V,S,NA,NA,NA,NA,Instantaneous,CON_Half_DAM_no_push,Thunder,DAM:_2d8,282,Creatures_failing_save_and_objects_pushed_10_ft._Boom_heard_for_300_ft.,Extra_1d8_DAM.
Unseen_Servant,1,Conjuration,Ritual,1_action,60_ft.,NA,V,S,M,piece_of_string_bit_of_wood,NA,NA,1_hour,NA,NA,NA,284,Create_invisible_force_that_can_perform_simple_menial_tasks_for_you.,NA
Witch_Bolt,1,Evocation,NA,1_action,30_ft.,1_creature,V,S,M,twig_from_tree_struck_by_lightning,NA,Concentration,1_minute,Ranged_Spell_Attack,Lightning,DAM:_1d12,289,Use_action_to_auto_hit_target_hit_last_round_for_1d12_lightning_DAM_if_in_range.,Extra_1d12_DAM.
Alter_Self,2,Transmutation,NA,1_action,Self,Self,V,S,NA,NA,NA,Concentration,1_hour,NA,NA,NA,211,Choose_one:_breathe/swim_underwater_natural_weapons_change_appearance,NA
Arcane_Lock,2,Abjuration,NA,1_action,Touch,1_openable_object,V,S,M,GOLD_DUST,25_gp,NA,Until_Dispelled,NA,NA,NA,215,Locks_object_until_password_is_spoken_or_dispel/knock._Object_break_DC_+10.,NA
Blindness/Deafness,2,Necromancy,NA,1_action,30_ft.,1_creature,V,NA,NA,NA,NA,NA,1_minute,CON_per_turn_Fail,NA,NA,219,Target_becomes_blind_or_deaf_your_choice.,One_more_creature.
Blur,2,Illusion,NA,1_action,Self,Self,V,NA,NA,NA,NA,Concentration,1_minute,NA,NA,NA,219,Creatures_relying_on_sight_have_disadvantage_to_attack.,NA
Cloud_of_Daggers,2,Conjuration,NA,1_action,60_ft.,5_ft._cube,V,S,M,sliver_of_glass,NA,Concentration,1_minute,NA,Slashing,DAM:_4d4,222,DAM_taken_on_entering_or_starting_turn_in_area.,Extra_2d4_DAM.
Continual_Flame,2,Evocation,NA,1_action,Touch,1_object,V,S,M,RUBY_DUST,50_gp,NA,Until_Dispelled,NA,NA,NA,227,Heatless_flame_comes_from_object._Can_be_covered_but_not_snuffed_out.,NA
Crown_of_Madness,2,Enchantment,NA,1_action,120_ft.,1_humanoid,V,S,NA,NA,NA,Concentration,1_minute,WIS_every_turn_Fail,NA,NA,229,Charm_humanoid_to_attack_your_target_of_choice.__Use_action_to_keep_control.,NA
Darkness,2,Evocation,NA,1_action,60_ft.,15_ft._radius_sphere,V,NA,M,bat_fur_and_pitch_or_coal,NA,Concentration,10_minutes,NA,NA,NA,230,Creates_darkness_normal_light_can't_dispel._Dispels_light_spells_LessThanOrEqualTo_2nd_level.,NA
Darkvision,2,Transmutation,NA,1_action,Touch,1_willing_creature,V,S,M,dried_carrot_or_agate,NA,NA,8_hours,NA,NA,NA,230,Grants_creature_darkvision_60_ft._but_can't_see_in_Darkness_aura.,NA
Detect_Thoughts,2,Divination,NA,1_action,Self,30_ft._radius,V,S,M,a_copper_piece,NA,Concentration,1_minute,See_Sourcebook.,NA,NA,231,Read_thoughts_of_those_around_you.__See_Sourcebook.,NA
Enlarge/Reduce,2,Transmutation,NA,1_action,30_ft.,1_creature_or_object,V,S,M,powdered_iron,NA,Concentration,1_minute,CON_Fail,NA,NA,237,Enlarge_or_reduce_target.__See_Sourcebook.,NA
Flaming_Sphere,2,Conjuration,NA,1_action,60_ft.,5_ft._diameter_sphere,V,S,M,tallow_brimstone_iron_powder,NA,Concentration,1_minute,DEX_Half_DAM,Fire,DAM:_2d6,242,Creatures_next_to_spheres_at_end_of_turn_take_DAM._Move_spheres_30_ft.,Extra_1d6_DAM.
Gentle_Repose,2,Necromancy,Ritual,1_action,Touch,1_corpse,V,S,M,salt_and_1_cp_on_each_eye,NA,NA,10_days,NA,NA,NA,245,Preserves_corpse.__Extends_time_limit_of_Raise_Dead_spell.,NA
Gust_of_Wind,2,Evocation,NA,1_action,Self,60_ft._line_10_ft._wide,V,S,M,a_legume_seed,NA,Concentration,1_minute,STR_Fail,NA,NA,248,Push_targets_15_ft._in_directon_of_wind._Creatures_move_half_speed_against_wind.,NA
Hold_Person,2,Enchantment,NA,1_action,60_ft.,1_humanoid,V,S,M,small_straight_piece_of_iron,NA,Concentration,1_minute,WIS_Fail,NA,NA,251,Target_is_paralyzed._New_saving_throw_at_end_of_turn.,1_additional_creature.
Invisibility,2,Illusion,NA,1_action,Touch,1_creature,V,S,M,eyelash_in_gum_arabic,NA,Concentration,1_hour,NA,NA,NA,254,Target_becomes_invisible._Ends_if_target_attacks_or_casts_a_spell.,One_additional_creature.
Knock,2,Transmutation,NA,1_action,60_ft.,1_openable_object,V,NA,NA,NA,NA,NA,Instantaneous,NA,NA,NA,254,Open_mundane_lock_or_suppress_an_Arcane_Lock_for_10_minutes._Loud_knock.,NA
Levitate,2,Transmutation,NA,1_action,60_ft.,1_creature_or_object,V,S,M,small_leather_loop_or_golden_wire,NA,Concentration,10_minutes,CON_Fail,NA,NA,255,Target_LessThanOrEqualTo_500_lbs._floats_20_ft.Can_move_up/down_20ft./turn._Floats_down_on_end.,NA
Locate_Object,2,Divination,NA,1_action,Self,1_object_familiar_to_you,V,S,M,forked_twig,NA,Concentration,10_minutes,NA,NA,NA,256,Sense_object_direction_within_1000_ft._or_locate_it_within_30_ft.,NA
Magic_Mouth,2,Illusion,Ritual,1_minute,30_ft.,1_object,V,S,M,honeycomb_and_JADE_DUST,10_gp,NA,Until_Dispelled,NA,NA,NA,257,Magic_mouth_repeats_LessThanOrEqualTo_25_word_message_once_condition_is_met.,NA
Magic_Weapon,2,Transmutation,NA,1_bonus_action,Touch,1_nonmagical_weapon,V,S,NA,NA,NA,Concentration,1_hour,NA,NA,NA,257,Nonmagical_weapon_becomes_+1.,4th:_+2_weapon_6th:_+3
Melf's_Acid_Arrow,2,Evocation,NA,1_action,90_ft.,1_target,V,S,M,rhubarb_leaf_adder's_stomach,NA,NA,Instantaneous,Ranged_Spell_Attack,Acid,DAM:_4d4,259,Half_DAM_on_miss._On_hit_target_also_takes_2d4_acid_DAM_at_end_of_next_turn.,1d4_DAM_on_both_effects
Mirror_Image,2,Illusion,NA,1_action,Self,Self,V,S,NA,NA,NA,NA,1_minute,NA,NA,NA,260,Create_duplicates_that_make_you_harder_to_hit.__See_Sourcebook.,NA
Misty_Step,2,Conjuration,NA,1_bonus_action,Self,Self,V,NA,NA,NA,NA,NA,Instantaneous,NA,NA,NA,260,Teleport_LessThanOrEqualTo_30_ft._away_to_unoccupied_location.,NA
Nystul's_Magic_Aura,2,Illusion,NA,1_action,Touch,1_creature_or_object,V,S,M,small_square_of_silk,NA,NA,24_hours,NA,NA,NA,263,Divination_spells_reveal_false_info_about_target.__See_Sourcebook.,NA
Phantasmal_Force,2,Illusion,NA,1_action,60_ft.,1_creature,V,S,M,bit_of_fleece,NA,Concentration,1_minute,INT_Fail,NA,NA,264,Affect_target_with_illusion._Can_DAM_for_1d6_Psychic._See_Sourcebook.,NA
Ray_of_Enfeeblement,2,Necromancy,NA,1_action,60_ft.,1_creature_in_range,V,S,NA,NA,NA,Concentration,1_minute,Ranged_Spell_Attack,NA,NA,271,Target_deals_1/2_DMG_with_STR_weapon_attacks._CON_save_to_end_at_turn's_end.,NA
Rope_Trick,2,Transmutation,NA,1_action,Touch,60_ft._rope,V,S,M,powdered_corn_parchment_loop,NA,NA,1_hour,NA,NA,NA,272,Climb_rope_to_other_space_that_can_hide_8_Medium_creatures._Can_see_outside.,NA
Scorching_Ray,2,Evocation,NA,1_action,120_ft.,LessThanOrEqualTo_3_creatures,V,S,NA,NA,NA,NA,Instantaneous,Ranged_Spell_Attack,Fire,DAM:_2d6x3,273,Shoot_3_rays_at_up_to_3_targets.,One_additional_ray.
See_Invisibility,2,Divination,NA,1_action,Self,Self,V,S,M,pinch_of_talc_and_silver_powder,NA,NA,1_hour,NA,NA,NA,274,See_invisible_and_ethereal_creatures.,NA
Shatter,2,Evocation,NA,1_action,60_ft.,10_ft._sphere,V,S,M,chip_of_mica,NA,NA,Instantaneous,CON_Half_DAM,Thunder,DAM:_3d8,275,Inorganic_creatures_have_disadvantage_to_save._Objects_take_DAM_too.,Extra_1d8_DAM.
Spider_Climb,2,Transmutation,NA,1_action,Touch,1_willing_creature,V,S,M,spider_and_drop_of_bitumen,NA,Concentration,1_hour,NA,NA,NA,277,Target_can_walk_on_walls_or_ceiling._Climbing_speed_becomes_walking_speed.,NA
Suggestion,2,Enchantment,NA,1_action,30_ft.,1_creature,V,NA,M,snake's_tongue_honeycomb,NA,Concentration,8_hours,WIS_Fail,NA,NA,279,Target_follows_reasonable_course_of_action_you_suggest._Can_specify_conditions.,NA
Web,2,Conjuration,NA,1_action,60_ft.,20_ft._cube,V,S,M,bit_of_spiderweb,NA,Concentration,1_hour,DEX_Fail,NA,NA,287,Every_turn:DEX_save_or_restrain;STR_save_to_escape.Burning_webs:2d4_fire_DAM.,NA
Animate_Dead,3,Necromancy,NA,1_minute,10_ft.,LessThanOrEqualTo_Medium_corpse,V,S,M,blood_flesh_bone,NA,NA,Instantaneous,NA,NA,NA,212,Creates_skeleton_or_zombie_servant_that_accepts_simple_directions,Two_more_undead
Bestow_Curse,3,Necromancy,NA,1_action,Touch,1_creature,V,S,NA,NA,NA,Concentration,1_minute,WIS_Fail,NA,NA,218,Curse_target.__See_Sourcebook.,See_Sourcebook.
Blink,3,Transmutation,NA,1_action,Self,Self,V,S,NA,NA,NA,NA,1_minute,NA,NA,NA,219,Roll_11_or_higher_to_go_to_Ethereal_plane_between_turns;_reapper_within_10ft.,NA
Clairvoyance,3,Divination,NA,10_minutes,1_mile,NA,V,S,M,jeweled_horn_or_glass_eye,100_gp,Concentration,10_minutes,NA,NA,NA,222,Create_sensor_in_area_you_can_see_or_hear_through.,NA
Counterspell,3,Abjuration,NA,1_reaction_spell_cast,60_ft.,1_Spellcaster,NA,S,NA,NA,NA,NA,Instantaneous,See_Details.,NA,NA,228,Interrupt_spell_LessThanOrEqualTo_4th._You_make_casting_ability_check_DC_10_+_spell_level.,Interrupt_spell_LessThanOrEqualTo_new_level.
Dispel_Magic,3,Abjuration,NA,1_action,120_ft.,1_creature/object/magical_effect,V,S,NA,NA,NA,NA,Instantaneous,NA,NA,NA,234,End_spell_LessThanOrEqualTo_3rd_level._For_GreaterThanOrEqualTo_4th_level_casting_ability_check_DC=10+spell_level.,End_spell_LessThanOrEqualTo_new_level.
Fear,3,Illusion,NA,1_action,Self,30_ft._cone,V,S,M,white_feather_or_hen_heart,NA,Concentration,1_minute,WIS_Fail,NA,NA,239,Targets_drop_everything_and_use_Dash_to_run_away._WIS_save_once_out_of_sight.,NA
Feign_Death,3,Necromancy,Ritual,1_action,Touch,1_willing_creature,V,S,M,pinch_of_graveyard_dirt,NA,NA,1_hour,NA,NA,NA,240,Creature_appears_dead.__Resists_all_non_psychic_DMG._Disease/poison_delayed.,NA
Fireball,3,Evocation,NA,1_action,150_ft.,20_ft._radius_sphere,V,S,M,tiny_ball_of_guano_and_sulfur,NA,NA,Instantaneous,DEX_Half_DAM,Fire,DAM:_8d6,241,Fire_spreads_around_corners_and_ignites_flammable_objects.,Extra_1d6_DAM.
Fly,3,Transmutation,NA,1_action,Touch,1_willing_creature,V,S,M,bird's_wing_feather,NA,Concentration,10_minutes,NA,NA,NA,243,Target_gains_fly_60_ft..__Fall_if_spell_ends_while_in_air.,One_additional_creature.
Gaseous_Form,3,Transmutation,NA,1_action,Touch,1_willing_creature,V,S,M,bit_of_gauze_and_wisp_of_smoke,NA,Concentration,1_hour,NA,NA,NA,244,Cloud_form._Fly10ft.._Resist_nonmagical_DMG._STR/DEX/CON_save_advantage.,NA
Glyph_of_Warding,3,Abjuration,NA,1_hour,Touch,See_Sourcebook.,V,S,M,incense_DIAMOND_POWDER,200_gp,NA,Dispel/Triggered,NA,NA,NA,245,Create_a_magical_trap.__See_Sourcebook.,See_Sourcebook.
Haste,3,Transmutation,NA,1_action,30_ft.,1_willing_creature,V,S,M,shaving_of_licorice_root,NA,Concentration,1_minute,NA,NA,NA,250,Doubles_speed._+2_AC._Advantage_on_DEX_saves._Additional_action_to_Dash.,NA
Hypnotic_Pattern,3,Illusion,NA,1_action,120_ft.,30_ft._cube,NA,S,M,glowing_stick_of_incense,NA,Concentration,1_minute,WIS_Fail,NA,NA,252,Creatures_charmed_incapacitated_speed_=_0._Spell_ends_on_DAM_or_shaking.,NA
Leomund's_Tiny_Hut,3,Evocation,Ritual,1_minute,Self,10_ft._radius_hemisphere,V,S,M,small_crystal_bead,NA,NA,8_hours,NA,NA,NA,255,Protect_LessThanOrEqualTo_9_creatures_in_hut_from_spells_creatures_elements.,NA
Lightning_Bolt,3,Evocation,NA,1_action,Self,100_ft._line,V,S,M,bit_of_fur_and_glass_rod,NA,NA,Instantaneous,DEX_Half_DAM,LIghtning,DAM:_8d6,255,Lightning_ignites_flammable_objects.,Extra_1d6_DAM.
Magic_Circle,3,Abjuration,NA,1_minute,10_ft.,10_ft._rad._20_ft._high_cylinder,V,S,M,HOLY_WATER_or_Fe/Ag_DUST,100_gp,NA,1_hour,NA,NA,NA,256,Hinder_one_creature_type_within_cylinder.__See_Sourcebook.,Duration_increases_1_hour.
Major_Image,3,Illusion,NA,1_action,120_ft.,20_ft._cube,V,S,M,bit_of_fleece,NA,Concentration,10_minutes,NA,NA,NA,258,Create_image_of_object_including_sounds_smells._Investigation_check_to_foil.,6th:_lasts_until_dispelled
Nondetection,3,Abjuration,NA,1_action,Touch,1_object_place_or_willing_target,V,S,M,DIAMOND_DUST,25_gp,NA,8_hours,NA,NA,NA,263,Hide_target_from_all_divination_and_scrying_magic.,NA
Phantom_Steed,3,Illusion,Ritual,1_minute,30_ft.,NA,V,S,NA,NA,NA,NA,1_hour,NA,NA,NA,265,You_and_1_other_can_ride_phantom_steed._Speed=100ft_or_10mph_13_fast.,NA
Protection_from_Energy,3,Abjuration,NA,1_action,Touch,1_creature,V,S,NA,NA,NA,Concentration,1_hour,NA,NA,NA,270,Creature_gains_resistance_to_one_of:_acid_cold_fire_lightning_or_thunder.,NA
Remove_Curse,3,Abjuration,NA,1_action,Touch,1_creature_or_object,V,S,NA,NA,NA,NA,Instantaneous,NA,NA,NA,271,Remove_curse_creature_or_break_object's_curse_attunement_to_any_target.,NA
Sending,3,Evocation,NA,1_action,Unlimited,1_creature,V,S,M,short_piece_of_fine_copper_wire,NA,NA,1_round,NA,NA,NA,274,Send_LessThanOrEqualTo_25_word_message_to_known_creature._Get_similar_reply.,NA
Sleet_Storm,3,Conjuration,NA,1_action,150_ft.,40_ft._rad._20_ft._tall_cylinder,V,S,M,pinch_of_dust_drops_of_water,NA,Concentration,1_minute,DEX_Fail,NA,NA,276,Difficult_terrain.Each_turn_DEX_save_or_fall_prone_CON_save_or_lose_concentration.,NA
Slow,3,Transmutation,NA,1_action,120_ft.,LessThanOrEqualTo_6_creatures_in_40_ft._cube,V,S,M,drop_of_molasses,NA,Concentration,1_minute,WIS_Fail,NA,NA,277,Affected_creatures_become_slowed.__See_Sourcebook.,NA
Stinking_Cloud,3,Conjuration,NA,1_action,90_ft.,20_ft._radius_sphere,V,S,M,rotten_egg_or_skunk_cabbage,NA,Concentration,1_minute,CON_Fail,NA,NA,278,Creatures_that_need_to_breathe_spend_turn_retching._Wind_disperses_cloud.,NA
Tongues,3,Divination,NA,1_action,Touch,1_creature,V,NA,M,clay_model_of_a_ziggurat,NA,NA,1_hour,NA,NA,NA,283,Target_understands_any_spoken_language_and_is_understood_by_everyone_else.,NA
Vampiric_Touch,3,Necromancy,NA,1_action,Self,Self,V,S,NA,NA,NA,Concentration,1_minute,Melee_Spell_Attack,Necrotic,DAM:_3d6,285,Each_time_you_hit_a_target_you_also_HEAL_half_of_the_DAM_you_cause.,Extra_1d6_DAM.
Water_Breathing,3,Transmutation,Ritual,1_action,30_ft.,LessThanOrEqualTo_10_willing_creatures,V,S,M,short_reed_or_piece_of_straw,NA,NA,24_hours,NA,NA,NA,287,Creatures_gain_ability_to_breathe_underwater_using_normal_respiration.,NA
Arcane_Eye,4,Divination,NA,1_action,30_ft.,NA,V,S,M,a_bit_of_bat_fur,NA,Concentration,1_hour,NA,NA,NA,214,Create_invisible_eye_with_darkvision30ft_moves_30ft/rd_you_can_see_through.,NA
Banishment,4,Abjuration,NA,1_action,60_ft.,1_target,V,S,M,item_disliked_by_target,NA,Concentration,1_minute,CHA_Fail,NA,NA,217,Banish_target_to_another_plane;_native_of_other_plane_doesn't_return_after_1_min.,One_more_creature
Blight,4,Necromancy,NA,1_action,30_ft.,1_creature,V,S,NA,NA,NA,NA,Instantaneous,CON_Half_DAM,Necrotic,DAM:_8d8,219,Plants_have_disadvantage_on_save_and_take_max_DAM.,Extra_1d8_DAM.
Confusion,4,Enchantment,NA,1_action,90_ft.,10_ft._radius_sphere,V,S,M,3_nut_shells,NA,Concentration,1_minute,WIS_Fail,NA,NA,224,Targets_can't_take_reactions_and_do_random_actions.__See_Sourcebook.,Increase_radius_by_5ft.
Conjure_Minor_Elementals,4,Conjuration,NA,1_minute,90_ft.,NA,V,S,NA,NA,NA,Concentration,1_hour,NA,NA,NA,226,Summon_elementals_total_CR_LessThanOrEqualTo_2_that_obey_commands.,6th:_CR_LessThanOrEqualTo_4;_8th:_CR_LessThanOrEqualTo_6
Control_Water,4,Transmutation,NA,1_action,300_ft.,100_ft._cube,V,S,M,water_drop_pinch_of_dust,NA,Concentration,10_minutes,NA,NA,NA,227,Control_water.__See_Sourcebook.,NA
Dimension_Door,4,Conjuration,NA,1_action,500_ft.,Self_and_ally_within_5_ft.,V,NA,NA,NA,NA,NA,Instantaneous,NA,NA,NA,233,Teleport_yourself_and_ally_to_location._If_occupied_4d6_force_DAM_and_spell_fails.,NA
Evard's_Black_Tentacles,4,Conjuration,NA,1_action,90_ft.,20_ft._square,V,S,M,piece_of_octopus_temtacle,NA,Concentration,1_minute,DEX_while_in_area_Fail,Bludgeoning,DAM:_3d6,238,Also_restrained._Restrained_take_DAM_every_turn._STR/DEX_check_to_get_free.,NA
Fabricate,4,Transmutation,NA,10_minutes,120_ft.,10_ft._cube,V,S,NA,NA,NA,NA,Instantaneous,NA,NA,NA,239,Convert_raw_materials_into_object_no_bigger_than_5_ft._cube.,NA
Fire_Shield,4,Evocation,NA,1_action,Self,Self,V,S,M,bit_of_phosphorous_or_a_firefly,NA,NA,10_minutes,NA,Fire/Cold,DAM:_2d8,242,Choose_warm_or_chill_shield._Melee_attackers_take_DMG._Light_out_10_ft./20_ft.,NA
Greater_Invisibility,4,Illusion,NA,1_action,Touch,Self_or_willing_creature,V,S,NA,NA,NA,Concentration,1_minute,NA,NA,NA,246,Become_invisible_until_spell_ends.,NA
Hallucinatory_Terrain,4,Illusion,NA,10_minutes,300_ft.,150_ft._cube,V,S,M,stone_twig_bit_of_green_plant,NA,NA,24_hours,NA,NA,NA,249,Make_natural_terrain_seem_like_other_terrain._Investigation_check_to_disbelieve.,NA
Ice_Storm,4,Evocation,NA,1_action,300_ft.,20_ft._rad_40ft._high_cylinder,V,S,M,pinch_of_dust_drop_of_water,NA,NA,Instantaneous,DEX_Half_DAM,Bludgeoning+Cold,DAM:_2d8+4d6,252,Storm's_area_of_effect_becomes_difficult_terrain_until_end_of_next_turn.,Extra_1d8_bludgeoning_DAM.
Leomund's_Secret_Chest,4,Conjuration,NA,1_action,Touch,1_chest,V,S,M,chest5000_replica_chest50,5050_gp,NA,Instantaneous,NA,NA,NA,254,Transport_chest_back_and_forth_from_Ethereal_Plane_using_replica.,NA
Locate_Creature,4,Divination,NA,1_action,Self,1_creature_familiar_to_you,V,S,M,bloodhound_fur,NA,NA,Instantaneous,NA,NA,NA,256,Sense_creature_direction_within_1000_ft._or_locate_it_within_30_ft.,NA
Mordenkainen's_Faithful_Hound,4,Conjuration,NA,1_action,30_ft.,NA,V,S,M,silver_whistle_bone_thread,NA,NA,8_hours,NA,Piercing,DAM:_4d8,261,Spectral_hound_guards_area_and_can_attack_hostiles.__See_Sourcebook.,NA
Mordenkainen's_Private_Sanctum,4,Abjuration,NA,10_minutes,120_ft.,LessThanOrEqualTo_100_ft._cube,V,S,M,lead_glass_cloth_chrysolite,NA,NA,24_hours,NA,NA,NA,262,Create_magically_secure_area.__See_Sourcebook.,Extra_100_ft._per_cube_side
Otiluke's_Resilient_Sphere,4,Evocation,NA,1_action,30_ft.,1_creature_or_object,V,S,M,hemispheres_of_crystal_arabic,NA,Concentration,1_minute,DEX_Fail,NA,NA,264,Trap_creature_in_sphere.__Sphere_only_destroyed_by_Disintegrate_spell.,NA
Phantasmal_Killer,4,Illusion,NA,1_action,120_ft.,1_creature,V,S,NA,NA,NA,Concentration,1_minute,WIS_Fail,Psychic,DAM:_4d10,265,Target_is_frightened_and_takes_DAM_at_start_of_turn_if_it_doesn't_save.,Extra_1d10_DAM.
Polymorph,4,Transmutation,NA,1_action,60_ft.,1_creature,V,S,M,caterpillar_cocoon,NA,Concentration,1_hour,WIS_Fail,NA,NA,266,Transform_creature's_form._All_stats_change._Limited_to_actions_of_new_form.,NA
Stone_Shape,4,Transmutation,NA,1_action,Touch,5_ft._cube,V,S,M,soft_clay_in_desired_shape,NA,NA,Instantaneous,NA,NA,NA,278,Reshape_stone_into_any_rough_shape_you_wish.,NA
Stoneskin,4,Abjuration,NA,1_action,Touch,1_willing_creature,V,S,M,DIAMOND_DUST,100_gp,Concentration,1_hour,NA,NA,NA,278,Target_gains_resistance_to_nonmagical_bludgeoning_piercing_and_slashing_DMG.,NA
Wall_of_Fire,4,Evocation,NA,1_action,120_ft.,See_Sourcebook.,V,S,M,small_piece_of_phosphorous,NA,Concentration,1_minute,DEX_Half_DAM,Fire,DAM:_5d8,285,Those_entering_or_ending_turn_on_one_side_of_the_wall_take_5d8_fire_DAM.,Extra_1d8_DAM.
Animate_Objects,5,Transmutation,NA,1_action,120_ft.,LessThanOrEqualTo_10_objects,V,S,NA,NA,NA,Concentration,1_minute,NA,NA,NA,213,Animate_objects_to_accept_simple_commands.,Two_more_objects
Bigby's_Hand,5,Evocation,NA,1_action,120_ft.,NA,V,S,M,eggshell_snakeskin_glove,NA,Concentration,1_minute,NA,Force,See_Sourcebook.,218,Create_giant_hand_to_do_various_things.__See_Sourcebook.,See_Sourcebook.
Cloudkill,5,Conjuration,NA,1_action,120_ft.,20_ft._radius_sphere,V,S,NA,NA,NA,Concentration,10_minutes,CON_Half_DAM,Poison,DAM:_5d8,222,DAM_taken_on_entering_or_starting_turn_in_area._Fog_moves_away_10_ft._per_turn.,Extra_1d8_DAM.
Cone_of_Cold,5,Evocation,NA,1_action,Self,60_ft._cone,V,S,M,crystal_or_glass_cone,NA,NA,Instantaneous,CON_Half_DAM,Cold,DAM:_8d8,224,Creatures_killed_become_frozen_statues.,Extra_1d8_DAM.
Conjure_Elemental,5,Conjuration,NA,1_minute,90_ft.,NA,V,S,M,See_Sourcebook,NA,Concentration,1_hour,NA,NA,NA,225,Summon_elemental_CR_LessThanOrEqualTo_5.__Obeys_commands._Hostile_if_control_is_lost.,Increase_max_CR_by_1.
Contact_Other_Plane,5,Divination,Ritual,1_minute,Self,NA,V,NA,NA,NA,NA,NA,1_minute,INT_DC:15DAM_insane_for_day,Psychic,DAM:_6d6,226,Contact_extraplanar_being._YOU_make_save._1_word_answers_to_5_questions.,NA
Creation,5,Illusion,NA,1_minute,30_ft.,NA,V,S,M,bit_of_matter_you_want_to_make,NA,NA,See_Sourcebook.,NA,NA,NA,229,Make_nonliving_object_no_larger_than_5_ft._cube.__See_Sourcebook.,Cube_size_increases_by_5_ft.
Dominate_Person,5,Enchantment,NA,1_action,60_ft.,1_person,V,S,NA,NA,NA,Concentration,1_minute,WIS_Fail,NA,NA,235,Charm_humanoid_to_give_it_commands._Has_advantage_to_save_if_attacking_it.,See_Sourcebook.
Dream,5,Illusion,NA,1_minute,See_Sourcebook.,1_creature,V,S,M,sand_ink_quill_from_asleep_bird,NA,NA,8_hours,See_Sourcebook.,See_Sourcebook.,See_Sourcebook.,236,Shape_creature's_dreams.__See_Sourcebook.,NA
Geas,5,Enchantment,NA,1_minute,60_ft.,1_creature,V,NA,NA,NA,NA,NA,30_days,WIS_Fail,See_Details.,See_Details.,244,Target_must_perform_task_you_set._5d10_psychic_DAM_whenever_it_disobeys.,7th:_lasts_1_year;9th:_forever
Hold_Monster,5,Enchantment,NA,1_action,90_ft.,1_creature,V,S,M,small_straight_piece_of_iron,NA,Concentration,1_minute,WIS_Fail,NA,NA,251,Target_is_paralyzed._New_saving_throw_at_end_of_turn._Doesn't_work_on_undead.,1_additional_creature.
Legend_Lore,5,Divination,NA,10_minutes,Self,1_person_place_or_object,V,S,M,INCENSE250_4_ivory_strips50,300_gp,NA,Instantaneous,NA,NA,NA,254,Learn_lore_about_target._Information_is_accurate_but_might_use_figurative_words.,NA
Mislead,5,Illusion,NA,1_action,Self,Self,NA,S,NA,NA,NA,Concentration,1_hour,NA,NA,NA,260,Become_invisible_and_create_illusory_double._Use_action_to_move_your_double.,NA
Modify_Memory,5,Enchantment,NA,1_action,30_ft.,NA,V,S,NA,NA,NA,Concentration,1_minute,WIS_Fail,NA,NA,261,Reshape_another_creature's_memories.__See_Sourcebook.,See_Sourcebook.
Passwall,5,Transmutation,NA,1_action,30_ft.,NA,V,S,M,pinch_of_sesame_seeds,NA,NA,1_hour,NA,NA,NA,264,Create_5ft_wide_8ft_tall_20ft_deep_opening_in_wall_ceiling_or_floor.,NA
Planar_Binding,5,Abjuration,NA,1_hour,60_ft.,1_extraplanar_creature,V,S,M,JEWEL,1000_gp,NA,24_hours,CHA_Fail,NA,NA,265,Bind_celestial_elemental_fey_or_fiend_to_serve_you_for_spell_duration.,See_Sourcebook.
Rary's_Telepathic_Bond,5,Divination,Ritual,1_action,30_ft.,LessThanOrEqualTo_8_willing_creatures,V,S,M,eggshell_of_2_different_creatures,NA,NA,1_hour,NA,NA,NA,270,Targets_can_communicate_telepathically_with_each_other_but_not_to_other_planes.,NA
Scrying,5,Divination,NA,10_minutes,Self,1_creature,V,S,M,scrying_focus,1000_gp,Concentration,10_minutes,WIS_Fail,NA,NA,273,Spy_on_a_target_located_on_the_same_plane_as_you.__See_Sourcebook.,NA
Seeming,5,Illusion,NA,1_action,30_ft.,Any_creatures_in_range,V,S,NA,NA,NA,NA,8_hours,CHA_Fail,NA,NA,274,Disguise_willing_or_unwillig_creatures_as_other_similar_creatures_including_outfits.,NA
Telekinesis,5,Transmutation,NA,1_action,60_ft.,Creatures_or_objects_in_range,V,S,NA,NA,NA,Concentration,10_minutes,NA,NA,NA,280,Move_objects_or_creatures_with_your_mind.__See_Sourcebook.,NA
Teleportation_Circle,5,Conjuration,NA,1_minute,10_ft.,10_ft._diameter_circle,V,NA,M,CHALK_&_INK_mixed_with_gems,50_gp,NA,1_round,NA,NA,NA,282,Any_stepping_inside_circle_teleport_to_permanent_teleportation_circle.,NA
Wall_of_Force,5,Evocation,NA,1_action,120_ft.,See_Sourcebook.,V,S,M,powder_from_clear_gemstone,NA,Concentration,10_minutes,NA,NA,NA,285,Create_impenetrable_wall_even_into_Ethereal_Plane_only_unmade_by_Disintegrate.,NA
Wall_of_Stone,5,Evocation,NA,1_action,120_ft.,See_Sourcebook.,V,S,M,small_block_of_granite,NA,Concentration,10_minutes,DEX_Move_away_not_trapped,NA,NA,287,Create_wall_of_stone_or_other_stone_structure.__See_Sourcebook.,NA
Arcane_Gate,6,Conjuration,NA,1_action,500_ft.,Point10ft_Point500ft.,V,S,NA,NA,NA,Concentration,10_minutes,NA,NA,NA,214,Create_two_linked_portals_10ft._across_anybody_can_travel_between.,NA
Chain_Lightning,6,Evocation,NA,1_action,150_ft.,1_target_then_3_within_30ft.,V,S,M,bit_of_fur_glass_3_silver_pins,NA,NA,Instantaneous,DEX_Half_DAM,Lightning,DAM:_10d8,221,Bolt_hits_one_target_then_forks_to_up_to_3_others.,One_more_bolt_in_fork.
Circle_of_Death,6,Necromancy,NA,1_action,150_ft.,60_ft._radius_sphere,V,S,M,crushed_black_pearl,500_gp,NA,Instantaneous,CON_Half_DAM,Necrotic,DAM:_8d6,221,NA,Extra_2d6_DAM.
Contingency,6,Evocation,NA,10_minutes,Self,Self,V,S,M,ivory_statue_of_self,1500_gp,NA,10_days,NA,NA,NA,227,Spell_LessThanOrEqualTo_5th_level_activates_when_condition_occurs._That_spell's_slot_used_too.,NA
Create_Undead,6,Necromancy,NA,1_minute,10_ft.,NA,V,S,M,See_Sourcebook.,Source,NA,Instantaneous,NA,NA,NA,229,Create_undead_to_serve_you_for_24_hours.__See_Sourcebook.,See_Sourcebook.
Disintegrate,6,Transmutation,NA,1_action,60_ft.,1_creature,V,S,M,lodestone_and_pinch_of_dust,NA,NA,Instantaneous,DEX_Fail,Force,DAM:_10d6+40,233,If_target_drops_to_0_HP_is_disintegrated._Only_revived_by_True_Resurrection.,Extra_3d6_DAM.
Drawmij's_Instant_Summons,6,Conjuration,Ritual,1_minute,Touch,1_object_LessThanOrEqualTo_10_lb.,V,S,M,sapphire,1000_gp,NA,Until_Dispelled,NA,NA,NA,235,Speak_item_name_and_crush_gem_to_summon_object_unless_it's_held_by_other.,NA
Eyebite,6,Necromancy,NA,1_action,Self,1_creature_within_60_ft.,V,S,NA,NA,NA,Concentration,1_minute,WIS_Fail,NA,NA,238,Affect_targets_negatively.__New_target_each_turn.__See_Sourcebook.,NA
Flesh_to_Stone,6,Transmutation,NA,1_action,60_ft.,1_creature,V,S,M,pinch_of_lime_water_and_earth,NA,Concentration,1_minute,CON_Fail,NA,NA,243,Restrained_on_first_fail._Petrified_after_3_fails.,NA
Globe_of_Invulnerability,6,Abjuration,NA,1_action,Self,10_ft._radius_sphere,V,S,M,glass_or_crystal_bead,NA,Concentration,1_minute,NA,NA,NA,245,Spells_LessThanOrEqualTo_5th_level_cannot_affect_those_within_the_globe.,1_higher_spell_level_blocked.
Guards_and_Wards,6,Abjuration,NA,10_minutes,Touch,See_Sourcebook.,V,S,M,See_sourcebook.,10_gp,NA,24_hours,NA,NA,NA,248,Protect_an_area_of_space.__See_Sourcebook.,NA
Magic_Jar,6,Necromancy,NA,1_minute,Self,NA,V,S,M,ornamental_container,500_gp,NA,Until_Dispelled,NA,NA,NA,257,Your_soul_enters_an_external_object.__See_sourcebook.,NA
Mass_Suggestion,6,Enchantment,NA,1_action,60_ft.,LessThanOrEqualTo_12_creatures,V,NA,M,snake's_tongue_honeycomb,NA,NA,24_hours,WIS_Fail,NA,NA,258,Make_creatures_accept_reasonable_sounding_suggestions._See_Sourcebook.,7th:_10_days;8th:30;9th:366
Move_Earth,6,Transmutation,NA,1_action,120_ft.,40_ft._square_of_terrain,V,S,M,iron_blade_bag_of_soil,NA,Concentration,2_hours,NA,NA,NA,263,Reshape_dirt_sand_or_clay._Can_move_to_different_square_after_10_minutes.,NA
Otiluke's_Freezing_Sphere,6,Evocation,NA,1_action,300_ft.,60_ft._radius_sphere,V,S,M,small_crystal_sphere,NA,NA,Instantaneous,CON_Half_DAM,Cold,DAM:_10d6,263,Water_freezes._Can_give_globe_to_another_who_fires_it_and_spell_takes_effect_then.,Extra_1d6_DAM.
Otto's_Irresistable_Dance,6,Enchantment,NA,1_action,30_ft.,1_creature,V,NA,NA,NA,NA,Concentration,1_minute,NA,NA,NA,264,No_movement.Disadvantage_on_DEX_saves_and_attacks.Use_action_to_WIS_save.,NA
Programmed_Illusion,6,Illusion,NA,1_action,120_ft.,30_ft._cube,V,S,M,fleece_jade_dust,25_gp,NA,Until_Dispelled,NA,NA,NA,269,Create_illusion_that_performs_specific_action_triggered_by_specific_action.,NA
Sunbeam,6,Evocation,NA,1_action,Self,60_ft._line,V,S,M,magnifying_glass,NA,Concentration,1_minute,CON_Half_DAM_no_blindness,Radiant,DAM:_6d8,279,Creatures_are_blinded_until_your_next_turn._Use_your_action_to_make_a_new_line.,NA
True_Seeing,6,Divination,NA,1_action,Touch,1_willing_creature,V,S,M,OINTMENT_FOR_EYES,25_gp,NA,1_hour,NA,NA,NA,284,Target_creature_gains_truesight_sees_secret_doors_Ethereal_Plane._Range_120_ft.,NA
Wall_of_Ice,6,Evocation,NA,1_action,120_ft.,See_Sourcebook.,V,S,M,small_piece_of_quartz,NA,Concentration,10_minutes,DEX_Half_DAM,Cold,DAM:_10d6,285,Ice:AC_12_30_HP._Moving_through_ice:take_5d6_cold_DAM_or_CON_save_for_half.,Extra_DAM:2d6_1d6_moving
Delayed_Blast_Fireball,7,Evocation,NA,1_action,150_ft.,20_ft._radius_sphere,V,S,M,tiny_ball_of_guano_and_sulfur,NA,Concentration,1_minute,DEX_Half_DAM,Fire,DAM:_12d6,230,Creates_spot_where_fireball_will_erupt.__See_Sourcebook.,Extra_1d6_base_DAM.
Etherealness,7,Transmutation,NA,1_action,Self,Self,V,S,NA,NA,NA,NA,Up_to_8_hours,NA,NA,NA,238,Become_ethereal.__Move_up/down_at_half_speed.__Can't_see_past_60_ft.,8th:3_targets;9th:_6_targets
Finger_of_Death,7,Necromancy,NA,1_action,60_ft.,1_creature,V,S,NA,NA,NA,NA,Instantaneous,CON_Half_DAM,Necrotic,DAM:_7d8+30,241,Humanoids_killed_rise_as_a_zombie_next_turn_permanently_under_your_control.,NA
Forcecage,7,Evocation,NA,1_action,100_ft.,20_ft._square_or_10_ft._cube,V,S,M,ruby_dust,1500_gp,NA,1_hour,See_Details.,NA,NA,243,Creatures_stuck_in_cage_can_only_leave_using_magic_after_CHA_save.,NA
Mirage_Arcane,7,Illusion,NA,10_minutes,Sight,1_square_mile,V,S,NA,NA,NA,NA,10_days,NA,NA,NA,260,Create_audo_visual_tactile_and_olfactory_illusion._Only_Truesight_can_detect.,NA
Mordenkainen's_Magnificent_Mansion,7,Conjuration,NA,1_minute,300_ft.,NA,V,S,M,portal5_marble5_spoon5,15_gp,NA,24_hours,NA,NA,NA,261,Summon_portal_to_50000_cubic_ft._mansion_with_food_for_100_people.,NA
Mordenkainen's_Sword,7,Evocation,NA,1_action,60_ft.,NA,V,S,M,mini_platinum_sword,250_gp,Concentration,1_minute,Melee_Spell_Attack,Force,DAM:_3d10,262,Use_bonus_action_each_turn_to_move_sword_LessThanOrEqualTo_20_ft._and_attack_again.,NA
Plane_Shift,7,Conjuration,NA,1_action,Touch,1_unwilling_or_Self_+_8_willing,V,S,M,forked_metal_rod,250_gp,NA,Instantaneous,Melee_Spell_Attack_+_CHA_Fail,NA,NA,266,Transport_to_another_plane._You_specify_general_location_or_teleportation_circle.,NA
Prismatic_Spray,7,Evocation,NA,1_action,Self,60_ft._cone,V,S,NA,NA,NA,NA,Instantaneous,See_Sourcebook.,See_Sourcebook.,See_Sourcebook.,267,Send_a_rainbow_of_negative_effects_at_enemies.__See_Sourcebook.,NA
Project_Image,7,Illusion,NA,1_action,500_miles,NA,V,S,M,small_replica_of_self,5_gp,Concentration,1_day,NA,NA,NA,270,Create_image_of_self_you_can_see/hear/speak/move_x2_speed_through.,NA
Reverse_Gravity,7,Transmutation,NA,1_action,100_ft.,50_ft._radius,V,S,M,lodestone_and_iron_filings,NA,Concentration,1_minute,DEX_grab_fixed_object,NA,NA,272,Creatures_fall_upwards_taking_falling_damage._Fall_again_once_spell_ends.,NA
Sequester,7,Transmutation,NA,1_action,Touch,1_willing_creature_or_object,V,S,M,GEM_POWDER,5000_gp,NA,Until_Dispelled,NA,NA,NA,274,Hide_target_from_detection_falls_into_suspended_animation._Condition_can_end_it.,NA
Simulacrum,7,Illusion,NA,12_hours,Touch,NA,V,S,M,See_Sourcebook.,1500_gp,NA,Until_Dispelled,NA,NA,NA,276,Create_duplicate_of_beast_or_humanoid_that_obeys_your_commands.,NA
Symbol,7,Abjuration,NA,1_minute,Touch,1_surface_or_object,V,S,M,Hg_P_DIAMOND_and_OPAL,1000_gp,NA,Dispel/Triggered,See_Sourcebook.,See_Sourcebook.,See_Sourcebook.,280,Inscribe_harmful_magical_glyph_on_surface.__See_Sourcebook.,NA
Teleport,7,Conjuration,NA,1_action,10_ft.,Self_and_LessThanOrEqualTo_8_creatures,V,NA,NA,NA,NA,NA,Instantaneous,NA,NA,NA,281,Teleport_yourself_and_willing_creatures_to_a_distant_location.__See_Sourcebook.,NA
Antimagic_Field,8,Abjuration,NA,1_action,10_ft._radius,Self,V,S,M,powdered_iron_or_filings,NA,Concentration,1_hour,NA,NA,NA,213,Erects_a_sphere_around_you_in_which_all_magic_no_longer_works.,NA
Antipathy/Sympathy,8,Enchantment,NA,1_hour,60_ft.,1_Huge_or_smaller_target,V,S,M,lump_of_alum_or_honey,NA,NA,10_days,WIS_Fail,NA,NA,214,Target_object/creature_attracts_or_repels_specifc_creature_types.,NA
Clone,8,Necromancy,NA,1_hour,Touch,NA,V,S,M,See_Sourcebook.,3000_gp,NA,Instantaneous,NA,NA,NA,222,Create_clone_of_living_person;_soul_transfers_to_clone_if_original_dies.,NA
Control_Weather,8,Transmutation,NA,10_minutes,Self,5_mile_radius,V,S,M,incense_earth&wood_in_water,NA,Concentration,8_hours,NA,NA,NA,228,Control_the_weather.__See_Sourcebook.,NA
Demiplane,8,Conjuration,NA,1_action,60_ft.,NA,NA,S,NA,NA,NA,NA,1_hour,NA,NA,NA,231,Create_door_to_30_ft._cubic_room_in_demiplane._Trapped_if_there_when_spell_ends.,NA
Dominate_Monster,8,Enchantment,NA,1_action,60_ft.,1_creature,V,S,NA,NA,NA,Concentration,1_hour,WIS_Fail,NA,NA,235,Charm_monster_to_give_it_commands._Has_advantage_to_save_if_attacking_it.,9th:_Duration_is_8_hours.
Dominate_Monster,8,Enchantment,NA,1_action,60_ft.,1_creature,V,S,NA,NA,NA,Concentration,1_hour,WIS_Fail,NA,NA,235,Charm_monster_to_give_it_commands._Has_advantage_to_save_if_attacking_it.,9th:_Duration_is_8_hours.
Feeblemind,8,Enchantment,NA,1_action,150_ft.,1_creature,V,S,M,clay_crystal_or_mineral_spheres,NA,NA,Instantaneous,INT_DMG_but_no_INT_effect,Psychic,DAM:_4d6,239,Creature_INT_and_CHA_scores_become_1.__See_Sourcebook.,NA
Incendiary_Cloud,8,Conjuration,NA,1_action,150_ft.,20_ft._radius_sphere,V,S,NA,NA,NA,Concentration,1_minute,DEX_every_turn_Half_DMG,Fire,DAM:_10d8,253,Targets_make_save_when_cloud_created_or_entering_or_exiting_it._Cloud_move:_10ft.,NA
Maze,8,Conjuration,NA,1_action,60_ft.,1_creature,V,S,NA,NA,NA,Concentration,10_minutes,See_Details,NA,NA,258,Target_uses_action_each_turn_to_make_INT_check_DC_20_to_escape.,NA
Mind_Blank,8,Abjuration,NA,1_action,Touch,1_willing_creature,V,S,NA,NA,NA,NA,24_hours,NA,NA,NA,259,Target_immune_to_psychic_damage_charm_mind_reading_divinations.,NA
Power_Word_Stun,8,Enchantment,NA,1_action,60_ft.,1_creature,V,NA,NA,NA,NA,NA,Instantaneous,See_Details.,NA,NA,267,Target_LessThanOrEqualTo_150_HP_is_stunned._Nothing_otherwise._CON_save_at_end_of_turn_to_end.,NA
Sunburst,8,Evocation,NA,1_action,150_ft.,60_ft._radius_sphere,V,S,M,fire_and_piece_of_sunstone,NA,NA,Instantaneous,CON_Half_DAM_no_blindness,Radiant,DAM:_12d6,279,Creatures_are_blinded_for_1_minute_CON_save_at_end_of_turn_to_end.,NA
Telepathy,8,Evocation,NA,1_action,Unlimited,1_willing_creature,V,S,M,pair_of_linked_silver_rings,NA,NA,24_hours,NA,NA,NA,281,Telepathically_communicate_words_sounds_images_with_target_INT_GreaterThanOrEqualTo_1.,NA
Astral_Projection,9,Necromancy,NA,1_hour,10_ft.,Self_and_8_willing_targets,V,S,M,JACINTH1k_SILVER100,1100_gp,NA,Special,NA,NA,NA,215,Project_to_Astral_Plane.__See_Sourcebook.,NA
Foresight,9,Divination,NA,1_minute,Touch,1_willing_creature,V,S,M,hummingbird_feather,NA,NA,8_hours,NA,NA,NA,244,Not_surprised._Advantage:attacks_checks_saves._Disadvantage_getting_attacked.,NA
Gate,9,Conjuration,NA,1_action,60_ft.,5_20_ft._diameter_gate,V,S,M,diamond,5000_gp,Concentration,1_minute,NA,NA,NA,244,Create_portal_to_precise_location_on_another_plane_or_near_a_specific_person.,NA
Imprisonment,9,Abjuration,NA,1_minute,30_ft.,1_creature,V,S,M,See_Sourcebook.,Source.,NA,Until_Dispelled,WIS_Fail,NA,NA,252,Magically_restrain_a_creature.__See_sourcebook.,NA
Meteor_Swarm,9,Evocation,NA,1_action,1_mile,40_ft._radius_sphere,V,S,NA,NA,NA,NA,Instantaneous,DEX_Half_DAM,Fire+Bludgeoning,DAM20d6+20d6,259,Also_damages_objects_and_ignites_flammable_objects.,NA
Power_Word_Kill,9,Enchantment,NA,1_action,60_ft.,1_creature,V,NA,NA,NA,NA,NA,Instantaneous,NA,NA,See_Details.,266,If_target_has_LessThanOrEqualTo_100_HP_it_dies_instantly._No_effect_otherwise._No_saving_throw.,NA
Prismatic_Wall,9,Abjuration,NA,1_action,60_ft.,90x30_ft_wall_or_30ft_dia._sphere,V,S,NA,NA,NA,NA,Instantaneous,See_Sourcebook.,See_Sourcebook.,See_Sourcebook.,267,Create_multicolored_barrier_with_various_effects.__See_Sourcebook.,NA
Shapechange,9,Transmutation,NA,1_action,Self,Self,V,S,M,jade_circlet,1500_gp,Concentration,1_hour,NA,NA,NA,274,Assume_the_form_of_a_different_creature.__See_Sourcebook.,NA
Time_Stop,9,Transmutation,NA,1_action,Self,NA,V,NA,NA,NA,NA,NA,Instantaneous,NA,NA,NA,283,Stop_time._Take_1d4+1_turns_alone._Spell_ends_if_you_affect_others_in_any_way.,NA
True_Polymorph,9,Transmutation,NA,1_action,30_ft.,1_creature_or_nonmagical_object,V,S,M,mercury_gum_arabic_smoke,NA,Concentration,1_hour,NA,NA,NA,283,Transform_a_creature/object_into_a_different_creature/object.__See_Sourcebook.,NA
Weird,9,Illusion,NA,1_action,120_ft.,30_ft._radius,V,S,NA,NA,NA,Concentration,1_minute,WIS_Fail,Psychic,DAM:_4d10,288,Affected_creatures_make_WIS_saves_each_turn_and_take_DAM_until_they_save.,NA
Wish,9,Conjuration,NA,1_action,Self,Self,V,NA,NA,NA,NA,NA,Instantaneous,NA,NA,NA,288,Replicate_and_spell_LessThanOrEqualTo_8th_level_or_other_powerful_effect_granted._See_Sourcebook.,NA
